1;0;Bootloader;8bitcade_loader.png;;;;;;;;;
2;1;Maintenance;8BitCadeXL/category-screens/Maintenance.png;;;;;;;;;
3;1;Battery Test;8BitCadeXL/Maintenance/Battery Test.png;8BitCadeXL/Maintenance/Battery Test.hex;;;1.0;Jack Daly;Test the battery on your 8BitCadeXL;;;
4;1;Hardware Test;8BitCadeXL/Maintenance/HardwareTest.png;8BitCadeXL/Maintenance/HardwareTest.hex;;;1.0;Jack Daly;Test the buttons on your 8BitCadeXL;;;
5;1;EEPROM Editor;8BitCadeXL/Maintenance/EepromEditor.png;8BitCadeXL/Maintenance/EepromEditor.hex;;;1.0;Press Play on Tape;Inspired by Crait’s Arduboy Assistant, this version has been expanded to show 25 bytes at a time (to give context) with the current cell highlighted in the middle.;10;;
6;2;Arcade;8BitCadeXL/category-screens/Arcade.png;;;;;;;;;
7;2;CyberHack;8BitCadeXL/Arcade/CyberHack.png;8BitCadeXL/Arcade/CyberHack.hex;;;1.0;Press Play On Tape;The corrupted Corpo has to be stopped and your hacking skills will be invaluable. Inspired by the game CyberPunk.;;;
8;2;'Ard Drivin';8BitCadeXL/Arcade/Ard-Drivin.png;8BitCadeXL/Arcade/Ard-Drivin.hex;;;1.0;Rem;A fast paced racing sim.;23;;
9;2;ArduBOYNG;8BitCadeXL/Arcade/ArduBOYNG.png;8BitCadeXL/Arcade/ArduBOYNG.hex;;;0.81;Troubadixx;Pong. What more do you need to say?;5;;
10;2;ArduBreakout;8BitCadeXL/Arcade/ArduBreakout.png;8BitCadeXL/Arcade/ArduBreakout.hex;;;1.0;SebGoscik;An Arduboy version of the classic game Breakout!;5;;
11;2;ArduBuggy;8BitCadeXL/Arcade/ArduBuggy.png;8BitCadeXL/Arcade/ArduBuggy.hex;;;1.0;Nono_Nono;A moon patrol remake.;10;;
12;2;ArduIndy;8BitCadeXL/Arcade/ArduIndy_2_5.png;8BitCadeXL/Arcade/ArduIndy_2_5.hex;;;2.5;Jacoste;ArduIndy - Inspired by ZX Spectrum game “Sabre Wulf”.;8;;
13;2;Boris Goes Skiing;8BitCadeXL/Arcade/BorisGoesSkiing.png;8BitCadeXL/Arcade/BorisGoesSkiing.hex;;;1.0;sones;Boris Goes Skiing is a clone of the ZX Spectrum game Horace goes skiing.;3;;
14;2;Bounce;8BitCadeXL/Arcade/Bounce.png;8BitCadeXL/Arcade/Bounce.hex;;;1.0;RetrobitCoder;Air hockey for the Arduboy! Two players pick their dogsand battle to the end.;7;;
15;2;Breakout-V;8BitCadeXL/Arcade/BreakoutV.png;8BitCadeXL/Arcade/BreakoutV.hex;;;1.0;boochow;An Arduboy version of the classic game Breakout! This one is orientated verically, hence the V.;5;;
16;2;Depth Of Nightmare;8BitCadeXL/Arcade/Depth Of Nightmare.png;8BitCadeXL/Arcade/Depth Of Nightmare.hex;;;1.0;Kiwi;A dungeon crawling game - avoid the rats and other killers and find the treasure.;;;
17;2;Digger;8BitCadeXL/Arcade/Digger.png;8BitCadeXL/Arcade/Digger.hex;;;1.0;eried;Goal is to collect as many diamonds as needed to unlock the exit. You can move rocks, if there is nothing behind it. If a rock falls through a changer, then its converted to a diamond.;;;
18;2;Fidget Slots;8BitCadeXL/Arcade/Fidget Slots.png;8BitCadeXL/Arcade/Fidget Slots.hex;;;1.0;obigal;Vegas-style slots on the Arduboy!;;;
19;2;Fire Panic;8BitCadeXL/Arcade/FirePanic.png;8BitCadeXL/Arcade/FirePanic.hex;;;1.0;Press Play On Tape;Inspired by yet another Game and Watch - PPOT presents Oil Panic. Catch all the oil before it sets the shop on fire!;;;
20;2;Incher;8BitCadeXL/Arcade/Incher.png;8BitCadeXL/Arcade/Incher.hex;;;1.0;D Lein Hellios;Incher is a worm-guiding simulator. Through some unknown mishap, a handful of good worms are trapped deep behind enemy lines. It is your duty to guide them home, one inch at a time. The path is laden with traps set by the maniacal faces. Avoid these hazards, reach the portals, and prevent your worms' untimely demise.;;;
21;2;JetPac;8BitCadeXL/Arcade/JetPac.png;8BitCadeXL/Arcade/JetPac.hex;;;1.0;TheArduinoGuy;You are an astronaut on an alien planet with a Jet Pac. Assemble you rocket and gather fuel before taking off.;5;;
22;2;Jump Boy;8BitCadeXL/Arcade/JumpBoy.png;8BitCadeXL/Arcade/JumpBoy.hex;;;1.0;t-iwasaki;Collect the coins but be carefull as the floorboards will decrease one by one each time you land on them.;8;;
23;2;Millipe;8BitCadeXL/Arcade/Millipe.png;8BitCadeXL/Arcade/Millipe.hex;;;1.0;Dreamer2345;A small Centipede clone.;3;;
24;2;Octopus;8BitCadeXL/Arcade/Octopus.png;8BitCadeXL/Arcade/Octopus.hex;;;1.0;Roberto;A remake of the classic Game & Watch game, Octopus!;;;
25;2;Oil Panic;8BitCadeXL/Arcade/OilPanic.png;8BitCadeXL/Arcade/OilPanic.hex;;;1.0;Press Play On Tape;Inspired by yet another Game and Watch - PPOT presents Oil Panic. Catch all the oil before it sets the shop on fire!;;;
26;2;Pactastic;8BitCadeXL/Arcade/Pactastic.png;8BitCadeXL/Arcade/Pactastic.hex;;;1.0;Dragula96;A cross between two classic games - PacMan and Snake.;;;
27;2;Paqman_Seth;8BitCadeXL/Arcade/Paqman.png;8BitCadeXL/Arcade/Paqman.hex;;;1.0;Seth;Re-live the nostalgic glory of games like Pac-Man and Lock ‘n’ Chase (with a few less pixels…) right on your Arduboy!;;;
28;2;Paqman;8BitCadeXL/Arcade/Paqman_Classic.png;8BitCadeXL/Arcade/Paqman_Classic.hex;;;1.0;Yoda Video Arcade;Another Pacman clone.;;;
29;2;Pong;8BitCadeXL/Arcade/Pong.png;8BitCadeXL/Arcade/Pong.hex;;;1.0;;Two player pong.;;;
30;2;RoboDodge;8BitCadeXL/Arcade/RoboDodge.png;8BitCadeXL/Arcade/RoboDodge.hex;;;1.0;Gaveno;Control your very own small robot as you dodge the barrage of incoming rockets!;7;;
31;2;Rooftop Rescue;8BitCadeXL/Arcade/RooftopRescue.png;8BitCadeXL/Arcade/RooftopRescue.hex;;;1.0;Prototype;Rescue the trapped people as fire consumes the city.;21;;
32;2;Sea Battle;8BitCadeXL/Arcade/Sea Battle.png;8BitCadeXL/Arcade/Sea Battle.hex;;;1.0;DarkestSpire;Based on the game BattleShips. This game has a simple AI and music, but is smart enough to be challenging.;;;
33;2;Shadow Runner;8BitCadeXL/Arcade/ShadowRunner.png;8BitCadeXL/Arcade/ShadowRunner.hex;;;1.0;Team ARG;A shadow lost his kid by wandering too far away from the light. Now it must find its coloured equal to become one again.;7;;
34;2;Space Cab;8BitCadeXL/Arcade/SpaceCab.png;8BitCadeXL/Arcade/SpaceCab.hex;;;1.0.1;Press Play On Tape;A tribute to the classic Commodore 64 game Space Taxi! Collect and deliver customers to their destination as quickly as possible to make the most money! But be careful and make sure you do not run out of fuel land without deploying your landing gear or squash a customer.;12;;
35;2;Startrek;8BitCadeXL/Arcade/Startrek.png;8BitCadeXL/Arcade/Startrek.hex;;;1.0;BlueMax;Simulator based on the Star Trek game.;;;
36;2;Stellar Impact;8BitCadeXL/Arcade/StellarImpact.png;8BitCadeXL/Arcade/StellarImpact.hex;;;1.0;gnargle;A space shoot 'em up with procedurally generated starfields. Watch for the bomb that freezes time!;14;;
37;2;Tempest;8BitCadeXL/Arcade/Tempest.png;8BitCadeXL/Arcade/Tempest.hex;;;1.0;Colin TA;Inspired by Tempest, this is a straightforward shooter, except you rotate around the center and shoot towards the middle. Enemies emerge from the “portal” in the middle.;;;
38;2;Tiny Bert;8BitCadeXL/Arcade/Tiny Bert.png;8BitCadeXL/Arcade/Tiny Bert.hex;;;1.0;Daniel C (Electro L.I.B);A remake of the 80s classic, QBert.;;;
39;2;Tiny DDug;8BitCadeXL/Arcade/Tiny DDug.png;8BitCadeXL/Arcade/Tiny DDug.hex;;;1.0;Daniel C (Electro L.I.B);Classic Atari game Dig Dug on the small screen.;;;
40;2;To;8BitCadeXL/Arcade/To.png;8BitCadeXL/Arcade/To.hex;;;1.0;waday;You are the developer of the door with the teleport function. But just before completion, someone is trying to destroy the door. There seems to be no choice but to distort the space with the power of the door and to prevent destruction.;4;;
41;2;Zoo Escape;8BitCadeXL/Arcade/ZooEscape.png;8BitCadeXL/Arcade/ZooEscape.hex;;;1.0;FerJerez;The animals have escaped! Avoid the animals by jumping over them and landing on the crocodiles mouth to snap it shut.;9;;
42;3;2 Player;8BitCadeXL/category-screens/2 Player.png;;;;;;;;;
43;3;Ant Crusher;8BitCadeXL/2 Player/Ant Crusher.png;8BitCadeXL/2 Player/Ant Crusher.hex;;;1.0;Devloped By Tom;As its name suggests, you must crush the ants underfoot!;;;
44;3;Bip BipBip;8BitCadeXL/2 Player/Bip Bip.png;8BitCadeXL/2 Player/Bip Bip.hex;;;1.0;JuiceLizard;A “Pong” demake named “Bip Bipbip” for two players. How to win? It is simple. If the ball touchs your opponent when he doesn’t press his button or if his rectangle reaches the middle of the screen before yours then he loses.;5;;
45;3;Pong Extreme;8BitCadeXL/2 Player/Pong Extreme.png;8BitCadeXL/2 Player/Pong Extreme.hex;;;1.0;Unknown;One and two player versin of pong.;;;
46;3;TwoTris;8BitCadeXL/2 Player/TwoP Tetris.png;8BitCadeXL/2 Player/TwoP Tetris.hex;;;1.0;skaterced;Two player tetris.;;;
47;4;Action;8BitCadeXL/category-screens/Action.png;;;;;;;;;
48;4;Lode Runner;8BitCadeXL/Action/LodeRunner.png;8BitCadeXL/Action/LodeRunner.hex;8BitCadeXL/Action/LevelData.bin;;1.0;Press Play On Tape;Collect all of the gold pieces without being touched by a guard then make your way to the top of the screen and to the next level. Stop guards by burning a hole in normal bricks so that they will fall in - revealing any gold they might be carrying.;;;
49;4;A To Bee;8BitCadeXL/Action/A To Bee.png;8BitCadeXL/Action/A To Bee.hex;;;1.0;Unknown;Collect pollen from nearby flowers and return it to the hive without being hit by other bees.;;;
50;4;APara;8BitCadeXL/Action/APara.png;8BitCadeXL/Action/APara.hex;;;1.0;leovt;Catch the paratroopers jumping out of a helicopter before they fall in the water.;4;;
51;4;ArduStar;8BitCadeXL/Action/ArduStar.png;8BitCadeXL/Action/ArduStar.hex;;;1.0;Keith M;A shoot 'em up in space.;;;
52;4;ArduSub;8BitCadeXL/Action/ArduSub.png;8BitCadeXL/Action/ArduSub.hex;;;1.0;King-Swood;A simple button-mashing/beat-the-clock game where the player must avoid the mines and survive for as long as possible.;;;
53;4;Back To The Jungle;8BitCadeXL/Action/Back2Jungle.png;8BitCadeXL/Action/Back2Jungle.hex;;;1.8;eried;The Zoo had to close, what can the animals do? A small arcade game, inspired slighty on frogger (but sideways).;11;;
54;4;Bangi;8BitCadeXL/Action/Bangi.png;8BitCadeXL/Action/Bangi.hex;;;1.0;Igvina;Bangi is a classic arcade game where you must shoot and destroy each of the balloons that appear in each level.;14;;
55;4;Block Stacker;8BitCadeXL/Action/BlockStacker.png;8BitCadeXL/Action/BlockStacker.hex;;;1.0;Dragula96;Stacker clone like the game at the arcade that gives you a chance to win a prize, however in this one the only thing you win is satisfaction!.;;;
56;4;Chicken Launcher;8BitCadeXL/Action/Chicken Launcher.png;8BitCadeXL/Action/Chicken Launcher.hex;;;1.1;Crait;"Shoot a chicken as far as you can. Try to hit springboards to give you a boost but watch out for spikes! ";4;;
57;4;Chicken Cross;8BitCadeXL/Action/ChickenX.png;8BitCadeXL/Action/ChickenX.hex;;;1.0;Dragula96;This game started out its life as a Frogger clone, ended up being a Freeway clone.;;;
58;4;Chrome Dino;8BitCadeXL/Action/Chome Dino.png;8BitCadeXL/Action/Chome Dino.hex;;;1.0;Flaki;A version of Chrome’s (in?)famous dino side-scroller running-man-style dino jumper.;16;;
59;4;Crate Confusion;8BitCadeXL/Action/Crate-Confusion.png;8BitCadeXL/Action/Crate-Confusion.hex;;;1.0;Phoboslab;Manoeuvre the space ship to collect the crates.;;;
60;4;Crazy Bird;8BitCadeXL/Action/Crazy Bird.png;8BitCadeXL/Action/Crazy Bird.hex;;;1.0;JuiceLizard;An alternative version of 'Flappy Ball' on Arduboy that provides more challenge.;;;
61;4;Dancerow;8BitCadeXL/Action/Dancerow.png;8BitCadeXL/Action/Dancerow.hex;;;1.0;madya121;An Audition Dance Game clone for Arduboy;4;;
62;4;DDRBoy (Dance Dance Revolution);8BitCadeXL/Action/DDR Boy.png;8BitCadeXL/Action/DDR Boy.hex;;;1.0;tytydraco;Test your reflexes and your ability to keep up with the buttons. It is super intense and never gets boring because its so addictive!;;;
63;4;Evasion;8BitCadeXL/Action/Evasion.png;8BitCadeXL/Action/Evasion.hex;;;1.0;obono;Control the runing guy and evade pillars.;;;
64;4;Fanboat;8BitCadeXL/Action/Fanboat.png;8BitCadeXL/Action/Fanboat.hex;;;1.0;fanboat;Dodge gators on your propeller-powered pontoon as it rages faster and faster across the big black bayou. If you can pick up juice for your grandfather’s old shield generator, you can pass right through the congregation as long as it’s powered up;9;;
65;4;Trolly Fish;8BitCadeXL/Action/FISH.png;8BitCadeXL/Action/FISH.hex;;;1.0;Team ARG;Little fish. Big fish, swimming in the water. Come back here, man. Give me back my star!;10;;
66;4;Flappy Ball;8BitCadeXL/Action/FlappyBall.png;8BitCadeXL/Action/FlappyBall.hex;;;1.0;Chris;A flappy bird clone.;6;;
67;4;Frog Egg;8BitCadeXL/Action/Frog Wizard.png;8BitCadeXL/Action/Frog Wizard.hex;;;1.0;eggboycolor;Collect all the eggs in this Mario like game.;;;
68;4;Frogger;8BitCadeXL/Action/Frogger.png;8BitCadeXL/Action/Frogger.hex;;;1.0;csmick;Recreation of the classic game Frogger.;;;
69;4;Froggy Toad;8BitCadeXL/Action/Froggy Toad.png;8BitCadeXL/Action/Froggy Toad.hex;;;1.0;Unknown;Another frogger clone.;;;
70;4;Gravitron;8BitCadeXL/Action/Gravitron.png;8BitCadeXL/Action/Gravitron.hex;;;1.0;zogurt;In Astroship Gravitron you are a controlling a space ship trying to pass the infamous 5 doge it challenges. In order to pass each level you must not let a single asteroid touch your ship.;;;
71;4;Spooky Ghost Halloween Chrome Dino;8BitCadeXL/Action/Hallo.png;8BitCadeXL/Action/Hallo.hex;;;1.0;flaki;A halloween inspired version of Chrome's Dino game.;;;
72;4;Helii;8BitCadeXL/Action/Helii.png;8BitCadeXL/Action/Helii.hex;;;1.0;BHSPitMonkey;Helii is a port of my homebrew clone of the old Flash “Helicopter Game” and its ilk (i.e. game type that Flappy Bird is a variation of). As you fly through the tunnel the gap becomes more narrow and more challenging - How far can you go?;8;;
73;4;Inferno;8BitCadeXL/Action/Inferno.png;8BitCadeXL/Action/Inferno.hex;;;1.0;Unknown;Space shoot 'em up.;;;
74;4;Kemono Patrol;8BitCadeXL/Action/Kemono_Patrol.png;8BitCadeXL/Action/Kemono_Patrol.hex;;;1.0;metalidol;A moon buggy-style game.;;;
75;4;Keykat;8BitCadeXL/Action/Keykat.png;8BitCadeXL/Action/Keykat.hex;;;1.0;pngwen;You are an I.T. worker named KeyKat. You must run around and turn computers off and back on again when they fail.;3;;
76;4;Lander;8BitCadeXL/Action/Lander.png;8BitCadeXL/Action/Lander.hex;;;1.0;Yoda;A lunar lander clone.;;;
77;4;Lasers;8BitCadeXL/Action/Lasers.png;8BitCadeXL/Action/Lasers.hex;;;1.0;Obono;Lasers - A simple Ikaruga-like game.;19;;
78;4;Leanna The Lion;8BitCadeXL/Action/LeLion.png;8BitCadeXL/Action/LeLion.hex;;;1.0;shdwwzrd;Leanna may be a lion, but she knows what she likes: She wants fresh meat from her favorite restaurant.;10;;
79;4;Lunar;8BitCadeXL/Action/Lunar.png;8BitCadeXL/Action/Lunar.hex;;;1.0;Nave_99 Evan Morschhauser;A lunar lander clone.;;;
80;4;Obstacle Flight;8BitCadeXL/Action/Obstacle Flight.png;8BitCadeXL/Action/Obstacle Flight.hex;;;1.0;Unknown;Avoid the obstacles as you fly along the trench.;;;
81;4;Ozzy The Cat;8BitCadeXL/Action/Ozzy The Cat.png;8BitCadeXL/Action/Ozzy The Cat.hex;;;1.0;Aaron Parecki;Ozzy the Cat, the official unofficial mascot of #OAuth, is making his debut on the Arduboy!;;;
82;4;Quick Block;8BitCadeXL/Action/Quick_Block.png;8BitCadeXL/Action/Quick_Block.hex;;;1.0;Ashteroide;Quick Block is simple game, tag all blocks in the chosen time limit. Challenge your friends to the fastest time with 100th of milliseconds accuracy.;;;
83;4;Rysk;8BitCadeXL/Action/Rysk.png;8BitCadeXL/Action/Rysk.hex;;;0.10;Rysk;Catch as many balls as you can in the allotted time.;;;
84;4;Snake;8BitCadeXL/Action/Snake.png;8BitCadeXL/Action/Snake.hex;;;1.0;XCode;The classic Nokia snake game.;;;
85;4;Snakeling;8BitCadeXL/Action/Snakeling.png;8BitCadeXL/Action/Snakeling.hex;;;1.0;Unknown;The classic Nokia snake game.;;;
86;4;Turtle Bridge;8BitCadeXL/Action/TurtleBridge.png;8BitCadeXL/Action/TurtleBridge.hex;;;1.3;Press Play On Tape;A remake of the classic Game and Watch game Turtle Bridge. Carry the package to the awaiting truck by jumping across the turtle’s backs. Watch out as they may dive for a snack!;19;;
87;4;TinyShips;8BitCadeXL/Action/Tiny Ships.png;8BitCadeXL/Action/Tiny Ships.hex;;;1.0;icodealot;A space shoot 'em up!;;;
88;4;Train Dodge;8BitCadeXL/Action/TrainDodge.png;8BitCadeXL/Action/TrainDodge.hex;;;1.1;Crait;"Who’s brave enough to play chicken with a train? Stand on the track as multiple trains come at you full-speed… The closer they get to you before jumping off the tracks, the more points you’ll rack up. ";;;
89;4;Turtle Baby;8BitCadeXL/Action/TurtleBaby.png;8BitCadeXL/Action/TurtleBaby.hex;;;1.0;Unknown;Collect all the coins as you swim around.;;;
90;4;Unicorn Dash;8BitCadeXL/Action/Unicorn_dash.png;8BitCadeXL/Action/Unicorn_dash.hex;;;1.0;YossaVonK;A simple unicorn themed endless runner.;;;
91;4;You Wont Survive;8BitCadeXL/Action/YouWontSurvive.png;8BitCadeXL/Action/YouWontSurvive.hex;;;1.0;Andre3000;Avoid incoming enemies on two different modes and test your reflexes. Move your character by pressing UP and DOWN. Sounds easy right? But remember … surviving is hard in this one. Get at least 30 points!;;;
92;5;Apps;8BitCadeXL/category-screens/Apps.png;;;;;;;;;
93;5;ArduMetronome;8BitCadeXL/Apps/ArduMetronome.png;8BitCadeXL/Apps/ArduMetronome.hex;;;1.0;raspberrybrain;Use it when practicing a musical instrument (except for maybe a drum set, it probably isn’t loud enough for that), or turn it on and hide it somewhere to annoy your family, friends and loved ones with incessant beeps.;6;;
94;5;Ardutosh;8BitCadeXL/Apps/Ardutosh.png;8BitCadeXL/Apps/Ardutosh.hex;;;1.0;jhhoward;Ardutosh is an OS / desktop environment for the Arduboy. The style is inspired by the classic Macintosh interface. It has the following features: Serial terminal, Remote app, Notes text editor, EEPROM hex editor, Battery voltage monitor, Internal temperature monitor, LED tester;31;;
95;5;Arduboy Light Meter;8BitCadeXL/Apps/LightMeter.png;8BitCadeXL/Apps/LightMeter.hex;;;1.0;MLXXXp;I’m not sure if this falls under useful or useless. I’ll let others be the judge. It’s definitely useless in the emulator. You’ll have to load it into a real Arduboy.;7;;
96;5;PI 24K - a browser of the Circular Constant;8BitCadeXL/Apps/Pi24k.png;8BitCadeXL/Apps/Pi24k.hex;;;1.0;obono;Calculates Pi to 24 thousand places.;;;
97;6;Board;8BitCadeXL/category-screens/Board.png;;;;;;;;;
98;6;Arduchess;8BitCadeXL/Board/Arduchess.png;8BitCadeXL/Board/Arduchess.hex;;;1.0;Brow1067;Play chess on the Arduboy!;;;
99;6;ArduSlide;8BitCadeXL/Board/ArduSlide.png;8BitCadeXL/Board/ArduSlide.hex;;;1.0;gooberdlx;A tile slider game.;6;;
100;6;Battleships;8BitCadeXL/Board/Battleships.png;8BitCadeXL/Board/Battleships.hex;;;1.0;Botisaurus;The classic battleships board game on the Arduboy!;;;
101;6;Blackjack;8BitCadeXL/Board/Blackjack.png;8BitCadeXL/Board/Blackjack.hex;;;1.0;Press Play on Tape;The classic casino game. This implementation plays a ‘unified’ version of the various BlackJack games from different casinos around the world. It allows splits, double up and insurance on a dealer blackjack and so forth.;11;;
102;6;Cribbage;8BitCadeXL/Board/Cribbage.png;8BitCadeXL/Board/Cribbage.hex;;;1.0.1;Press Play On Tape;Classic English game of Cribbage - a luck and tactics card game.;6;;
103;6;Darkstar;8BitCadeXL/Board/Darkstar.png;8BitCadeXL/Board/Darkstar.hex;;;1.0;Mr.Blinky;A little puzzle game based on the HP48 / TI83 calculator game Dstar.;14;;
104;6;Deep Dish Nine;8BitCadeXL/Board/DeepDish9.png;8BitCadeXL/Board/DeepDish9.hex;;;1.0;fentonc;You have to pilot a spacecraft around the TRAPPIST-1 system (a recently discovered star with 7 earth-sized planets orbiting it) while delivering pizzas. The goal is to try to make it onto the high-score board by minimizing delivery time and fuel usage.;3;;
105;6;Dominoes;8BitCadeXL/Board/Dominoes.png;8BitCadeXL/Board/Dominoes.hex;;;1.0;Press Play On Tape;All Fives is a popular variant of Dominoes where players the goal of the game is not just to go out, but to make the open ends of the layout add up to 5 (or a multiple of five). One or two players.;;;
106;6;Farkle;8BitCadeXL/Board/Farkle.png;8BitCadeXL/Board/Farkle.hex;;;;;;;;
107;6;German Whist;8BitCadeXL/Board/Germanwhist.png;8BitCadeXL/Board/Germanwhist.hex;;;1.0;Press Play On Tape;German Whist is an adaptation of classic Whist for two players. There is nothing German about it - as far as anyone can tell it is of British origin.;7;;
108;6;Hangman;8BitCadeXL/Board/Hangman.png;8BitCadeXL/Board/Hangman.hex;;;1.2;Serisman;Classic hangman with approximately 800 words in its vocabularly.;;;
109;6;Hippodrome;8BitCadeXL/Board/Hippodrome.png;8BitCadeXL/Board/Hippodrome.hex;;;1.0;Miguel Riaza Valverde;Hippodrome is a variant of single-player chess where the knights start in the first row and the rest of the pieces, except one, is randomly distributed in the remaining squares. The game consists in taking the knights to the last row, the capture of pieces is not allowed.;;;
110;6;Knight Move;8BitCadeXL/Board/Knightmove.png;8BitCadeXL/Board/Knightmove.hex;;;1.0;Obono;An action-puzzle game where you control a knight piece of the chess which can move in an L shape on the 8×4 board.;21;;
111;6;Kooky Kookies;8BitCadeXL/Board/KOOKY.png;8BitCadeXL/Board/KOOKY.hex;;;1.0;shdwwzrd;Santa has delivered the presents and filled the stockings. Help Santa eat the cookies before the kids wake up and discover him in this match 2 puzzle game. Build bigger sets to get extra time and lots of points.;9;;
112;6;Micro Checkers;8BitCadeXL/Board/Micro Checkers.png;8BitCadeXL/Board/Micro Checkers.hex;;;1.0;Jezzamon;The classic Chinese game of checkers.;11;;
113;6;Psi Colo;8BitCadeXL/Board/Psicolo.png;8BitCadeXL/Board/Psicolo.hex;;;1.0;Obono;A puzzle game with dice.;10;;
114;6;Quarto;8BitCadeXL/Board/Quarto.png;8BitCadeXL/Board/Quarto.hex;;;1.0;Obono;An abstract strategy board game played on a 4x4 board with 16 unique pieces.;10;;
115;6;Reversi;8BitCadeXL/Board/Reversi.png;8BitCadeXL/Board/Reversi.hex;;;1.0;Obono;Reversi is a strategy board game for two players, played on an 8×8 uncheckered board.;15;;
116;6;SameGame;8BitCadeXL/Board/Samegame.png;8BitCadeXL/Board/Samegame.hex;;;1.0;Obono;A famous tile-matching puzzle.;13;;
117;6;Sudoku;8BitCadeXL/Board/Sudoku.png;8BitCadeXL/Board/Sudoku.hex;;;1.0;neilsunw;Play Sudoku on your Arduboy. Includes 45 puzzles (easy, medium, hard) and allows custom puzzles to be entered manually or via serial input.;5;;
118;6;Tic Tac Toe;8BitCadeXL/Board/Tic Tac Toe.png;8BitCadeXL/Board/Tic Tac Toe.hex;;;1.0;Unknown;Yes, its tic tac toe (noughts and crosses).;;;
119;6;Tic Tac Curly;8BitCadeXL/Board/TicTac Curly.png;8BitCadeXL/Board/TicTac Curly.hex;;;;1.0;Curly;Tic Tac Toe by Curly.;2;
120;6;MicroTD;8BitCadeXL/Board/Tower_Def.png;8BitCadeXL/Board/Tower_Def.hex;;;1.0;drummyfish;Build towers in order to keep creeps that spawn at start location(s) and run to the finish location(s). By killing creeps and finishing rounds you earn dollars to buy more towers and upgrades.;;;
121;6;Santa's Happy Little Packer;8BitCadeXL/Board/Xmas_Puz.png;8BitCadeXL/Board/Xmas_Puz.hex;;;1.0;eried;Santa needs help, he has a lot of gifts in weird layout and you need to fit them in his sleigh filling all the spaces.;;;
122;6;Yatzy;8BitCadeXL/Board/Yatzy.png;8BitCadeXL/Board/Yatzy.hex;;;1.3;shdwwzrd;A dice game where you need to role combinations before running out of attempts.;;;
123;7;Creative;8BitCadeXL/category-screens/Creative.png;;;;;;;;;
124;7;8BitCADE_Assistant;8BitCadeXL/Creative/8BitCADE_Assistant.png;8BitCadeXL/Creative/8BitCADE_Assistant.hex;;;1.0;Crait;Arduboy Assistant is a program that allows you to manage an Arduboy’s EEPROM as well as test several hardware and software components.;10;;
125;7;Apprentice Wizard;8BitCadeXL/Creative/Apprentice Wizard.png;8BitCadeXL/Creative/Apprentice Wizard.hex;;;1.0;inajob;This game teaches you the way to draw “MagicalCircle”.;;;
126;7;Arduart;8BitCadeXL/Creative/Arduart.png;8BitCadeXL/Creative/Arduart.hex;;;1.0;Unknown;A simple drawing program.;;;
127;7;Arduboy Sprite Editor (ASE);8BitCadeXL/Creative/Draw_A_Sprite.png;8BitCadeXL/Creative/Draw_A_Sprite.hex;;;1.0;Paul Wasson;A sprite editor with save functionality.;;;
128;7;Etch A Sketch;8BitCadeXL/Creative/Etch Sketch.png;8BitCadeXL/Creative/Etch Sketch.hex;;;1.0;Jack Daly;An etch-a-sketch on the Arduboy!;;;
129;7;Coder's Toolbox;8BitCadeXL/Creative/CodersToolbox.png;8BitCadeXL/Creative/CodersToolbox.hex;;;1.0;Press Play on Tape;A toolbox of tools for developing ArduboyTones compatible music and Sprites compatible images. The toolbox permits you to save the progress of your creations in EEPROM allowing you to complete your masterpieces over a number of sessions. Once complete, the output can be downloaded using a serial monitor (like that shipped with the Arduino IDE) in a format you can then paste directly into an Arduboy sketch.;16;;
130;8;Favourite;8BitCadeXL/category-screens/Favourite.png;;;;;;;;;
131;8;Orbs;8BitCadeXL/Favourite/Orbs.png;8BitCadeXL/Favourite/Orbs.hex;;;1.0;jmosk;"Orbs is losely based on the concept of the PC game Osmos. The user owns an orb that is to capture the other orbs in its universe. The user’s orb is distinguished by sparkles blinking inside of the orb. To win, all other Orbs are to be captured. ";;;
132;9;Fighting;8BitCadeXL/category-screens/Fighting.png;;;;;;;;;
133;9;BattleNetBoy;8BitCadeXL/Fighting/Battle Net Boy.png;8BitCadeXL/Fighting/Battle Net Boy.hex;;;1.0;Suma;"This game is inspired by “Mega Man Battle Network” and is an action card game. ";;;
134;9;Festive Fight;8BitCadeXL/Fighting/Festive Fight.png;8BitCadeXL/Fighting/Festive Fight.hex;;;1.0;Crait;Holiday mascots from throughout the calendar must fight in order to compete for the affection of the children throughout the world for some weird reason.;14;;
135;9;Karateka;8BitCadeXL/Fighting/Karateka.png;8BitCadeXL/Fighting/Karateka.hex;;;0.9;Press Play On Tape;Rescue Princess Mariko from within the Akum'a castle fortress.;12;;
136;9;Kung Fu Escape;8BitCadeXL/Fighting/KFu_Esc.png;8BitCadeXL/Fighting/KFu_Esc.hex;;;1.0;Sazazel;Enter the dragon! Battle enemies using an array of flying kicks, normal kicks and punches.;12;;
137;9;Pocket Fighter;8BitCadeXL/Fighting/Pocket_fighter.png;8BitCadeXL/Fighting/Pocket_fighter.hex;;;1.0;WangRenxin;Pocket Fighter is an FTG, you can compete with your Arduboy. The CPU will repeat your actions at previous level.;2;;
138;10;Multi;8BitCadeXL/category-screens/Multi.png;;;;;;;;;
139;10;3in1A;8BitCadeXL/Multi/3in1A.png;8BitCadeXL/Multi/3in1A.hex;;;1.0;Unknown;Three games in one - Space Invaders, Pinball and Pacman.;;;
140;10;3in1B;8BitCadeXL/Multi/3in1B.png;8BitCadeXL/Multi/3in1B.hex;;;1.0;Daniel C (Electro L.I.B);Three games in one - Tiny Bomber, Tiny Arkanoid, Tiny Gilbert.;;;
141;10;3in1C;8BitCadeXL/Multi/3in1C.png;8BitCadeXL/Multi/3in1C.hex;;;1.0;Daniel C (Electro L.I.B);Three games in one - Tiny Bert, Tiny Bike, Tiny Trick.;;;
142;10;3in1D;8BitCadeXL/Multi/3in1D.png;8BitCadeXL/Multi/3in1D.hex;;;1.0;Daniel C (Electro L.I.B);Three games in one - Tiny DDug, Tiny Plaque, Tiny Tris.;;;
143;10;3in1E;8BitCadeXL/Multi/3in1E.png;8BitCadeXL/Multi/3in1E.hex;;;1.0;Daniel C (Electro L.I.B);Three games in one - Tiny Missile, Tiny Morpion, Tiny Pipe;;;
144;10;3in1F;8BitCadeXL/Multi/3in1F.png;8BitCadeXL/Multi/3in1F.hex;;;1.0;Unknown;Three games in one - Blocks Arcade, Blocks Puzzle, Bridge Builder.;;;
145;11;Platformer;8BitCadeXL/category-screens/Platformer.png;;;;;;;;;
146;11;Arduminer;8BitCadeXL/Platformer/ArduMine.png;8BitCadeXL/Platformer/ArduMine.hex;;;1.0;Bergasms;Mining, crafting and combat on your arduboy. Explore 64 procedurally generated levels, conquer dungeons and upgrade your kit to survive progressively stronger enemies.;13;;
147;11;Blade Runner;8BitCadeXL/Platformer/Blade Runner.png;8BitCadeXL/Platformer/Blade Runner.hex;;;1.0;noobgeek;Your task is to move from one platform to another through the constructed blade-bridge. If you get to the exact center of the bridge, you earn one coin. Perfect hit 5 times in a row gives +5 coins. At the hard level, these indicators double. Well, also you will find a small bonus in the store!;;;
148;11;Burgard Time;8BitCadeXL/Platformer/BurgardTime.png;8BitCadeXL/Platformer/BurgardTime.hex;;;1.0;pixelplatforms;Peter Pepper  must walk over hamburger ingredients located across a maze of platforms while avoiding characters who pursue him.;9;;
149;11;Castle Boy;8BitCadeXL/Platformer/CastleBoy.png;8BitCadeXL/Platformer/CastleBoy.hex;;;1.0;jlauener;A Castlvania demake.;33;;
150;11;ChopLifter;8BitCadeXL/Platformer/Choplifter.png;8BitCadeXL/Platformer/Choplifter.hex;;;1.1.1;Press Play On Tape;Rescue the hostages from behind enemy lines - but look out for the tanks that patrol the grounds! An Apple II remake!;9;;
151;11;Chri-Bocchi Cat;8BitCadeXL/Platformer/Chribocchi.png;8BitCadeXL/Platformer/Chribocchi.hex;;;1.0;Obono;Chri-Bocchi Cat - A simple action game where move the cat and bounce gift boxes for 2 minutes.;12;;
152;11;Crabator;8BitCadeXL/Platformer/Crabator.png;8BitCadeXL/Platformer/Crabator.hex;;;1.0;rodot;Crabator is an intense action game where you kill crabs to make money to buy weapons to kill crabs to make money, etc. but watch out, the more crabs you kill the more they are. Each small crab killed gives you $1, each boss gives you $5. Once you have at least $5 you can buy a crate which will give you half a heart and upgrade your weapon. If you run out of ammunition, your weapon is downgraded.;;;
153;11;Epic Cratres of Mass Destruction;8BitCadeXL/Platformer/Ecomd.png;8BitCadeXL/Platformer/Ecomd.hex;;;1.0;Team ARG;Obviously .. something went wrong. That's for sure! You are hired to fix it. No questions asked. Licensed to shoot all that moves!;10;;
154;11;Escaper Droid;8BitCadeXL/Platformer/Escaper Droid.png;8BitCadeXL/Platformer/Escaper Droid.hex;;;1.0;Team ARG;Demo unfinished game.;;;
155;11;Ninja Fuzzgrawth;8BitCadeXL/Platformer/Fuzzgrawth.png;8BitCadeXL/Platformer/Fuzzgrawth.hex;;;1.0;Hundstrasse;Guide the Fuzzgrawth up the three towers to collect the three ‘things’! It’s a fast paced platformer against the clock with randomly ordered levels.;9;;
156;11;Glove;8BitCadeXL/Platformer/Glove.png;8BitCadeXL/Platformer/Glove.hex;;;1.0;fuopy;Glove is an action-adventure game created in the style of the classic Gauntlet series. Navigate from room to room, blasting bad guys and collecting treasure along the way;18;;
157;11;Not Just A Hat Rack;8BitCadeXL/Platformer/Hatrack.png;8BitCadeXL/Platformer/Hatrack.hex;;;1.0;Hundstrasse;A fast paced platformer.;;;
158;11;Hollow Seeker;8BitCadeXL/Platformer/Hollow.png;8BitCadeXL/Platformer/Hollow.hex;;;1.0;Obono;Go forward in right direction. Seek a hollow as refuge not to be crushed.;21;;
159;11;Hopper;8BitCadeXL/Platformer/Hopper.png;8BitCadeXL/Platformer/Hopper.hex;;;1.0;Obono;There are square panels around you. You must jump on them and go up (foreground side). If you miss the panel and fall toward bottom, the game is over.;24;;
160;11;Journey To The Moon;8BitCadeXL/Platformer/Journey ToThe Moon.png;8BitCadeXL/Platformer/Journey ToThe Moon.hex;;;1.0;as;Despite not having anything to do with a journey to the moon, the game is a 2D sidescrolling platformer with RPG elements including the ability to use a weapon to attack, a health and experience bar, and an attack stat. The general backstory involves aliens invading your planet, and the player hunting them down because it’s sort of fun.;;;
161;11;Joustish;8BitCadeXL/Platformer/Joustish.png;8BitCadeXL/Platformer/Joustish.hex;;;1.0;wuuff;A game quite like Joust!;8;;
162;11;Kong;8BitCadeXL/Platformer/Kong.png;8BitCadeXL/Platformer/Kong.hex;;;1.0.3;Press Play On Tape;A remake of the classic Game and Watch game Donkey Kong. Kong has stolen your lunch again. Avoid the barrels and topple the gorilla to retrieve it!;24;;
163;11;Kong II;8BitCadeXL/Platformer/Kong2.png;8BitCadeXL/Platformer/Kong2.hex;;;1.0;Press Play On Tape;A remake of the classic Game and Watch game Donkey Kong II. Kong has been locked up but Kong Jnr can save him!;19;;
164;11;Lion Tamer;8BitCadeXL/Platformer/LionTamer.png;8BitCadeXL/Platformer/LionTamer.hex;;;1.0;Press Play On Tape;Inspired by yet another Game and Watch - PPOT presents Lion Tamer. Someone has left the lion’s cage doors open! Keep them from escaping by blocking their path with your trusty chair. Play alone or with a second lion tamer!;;;
165;11;Midnight Wild;8BitCadeXL/Platformer/Midnight Wild.png;8BitCadeXL/Platformer/Midnight Wild.hex;;;1.3;Crait;Something’s gone awry out West! Help Dusty Argile adventure out and defeat the baddies who are causing a commotion and stopping him from getting a good night’s rest. Put them to sleep with your handy lasso and rack up as many points as you can, but watch out for falling barrels, cacti, whirling tumbleweeds, snakes, and coyotes! Most of all, watch out for the mad bull and crazy Texan twister!;28;;
166;11;Mystic Balloon;8BitCadeXL/Platformer/Mystic_Balloon.png;8BitCadeXL/Platformer/Mystic_Balloon.hex;;;1.0;Team ARG;Jump around, jump up and get down, jump around, float around, jump float, jump, float. Collect those coins.;17;;
167;11;OhMummy;8BitCadeXL/Platformer/Oh Mummy.png;8BitCadeXL/Platformer/Oh Mummy.hex;;;1.0;MattVic;Heavily influenced by an Amsoft classic, attack advancing mummies and loot the pyramids.;;;
168;11;Omega Horizon;8BitCadeXL/Platformer/OmegaHorizon.png;8BitCadeXL/Platformer/OmegaHorizon.hex;;;1.3;shdwwzrd;The planet of Turnax has extensive mineral deposits of high value to the Interplanetary Allied Confederation (IPAC). Recent unanticipated attacks by primative species have proven damaging to mining operations. Your mission is to eliminate the primitive hierarchy in minimal time.;15;;
169;11;Platformer;8BitCadeXL/Platformer/Platformer.png;8BitCadeXL/Platformer/Platformer.hex;;;1.0;Unknown;Jump from ledge to ledge but watch out as its easy to fall!;;;
170;11;Poitto;8BitCadeXL/Platformer/Poitto.png;8BitCadeXL/Platformer/Poitto.hex;;;1.0;inajob;An action puzzle game.;10;;
171;11;Square Nose;8BitCadeXL/Platformer/SquareNose.png;8BitCadeXL/Platformer/SquareNose.hex;;;1.0;JuiceLizard;In a near future, in 1996, two international companies fight against each other to reign on the pet dry food market.So, what are you waiting for? Let’s go! Eat them all, Square Nose!;16;;
172;11;Squario;8BitCadeXL/Platformer/Squario.png;8BitCadeXL/Platformer/Squario.hex;;;1.0;Chris;Here is is the jumping square man adventure you’ve all been looking for! Jump over chasms! Jump on top of bad guys! Jump into Question blocks and get points! Points!!;17;;
173;11;The Pit;8BitCadeXL/Platformer/The Pit.png;8BitCadeXL/Platformer/The Pit.hex;;;1.0;Unknown;Avoid the falling objects.;;;
174;11;Tiny Pipe;8BitCadeXL/Platformer/Tiny Pipe.png;8BitCadeXL/Platformer/Tiny Pipe.hex;;;1.0;Daniel C (Electro L.I.B);;;;
175;11;Tiny Bert;8BitCadeXL/Platformer/Tiny_Bert.png;8BitCadeXL/Platformer/Tiny_Bert.hex;;;1.0;Daniel C (Electro L.I.B);Move Bert between the squares by jumping about avoiding the bad guys.;;;
176;11;Umeroose;8BitCadeXL/Platformer/Umeroose.png;8BitCadeXL/Platformer/Umeroose.hex;;;;;;;;
177;11;Zoo at Midnight;8BitCadeXL/Platformer/Zoo Midnight.png;8BitCadeXL/Platformer/Zoo Midnight.hex;;;1.0;Hundstrasse;Scrawf must sneak around the zoo to collect the food ans feed the animals before and escaping - all without being caught in the flashlight beam of the zoo wardens!;5;;
178;12;Puzzle;8BitCadeXL/category-screens/Puzzle.png;;;;;;;;;
179;12;Hashi;8BitCadeXL/Puzzle/hashi.png;8BitCadeXL/Puzzle/hashi.v1.2.XL.hex;;;1.2;snboot9000;Hashiwokakero 2 is a Japanese number puzzle. Given a set of islands on a 2D grid, each island having a number between 1 and 8, the goal is to build bridges connecting all islands.;;https://community.arduboy.com/t/hashi-japanese-bridge-building-number-puzzle-hashiwokakero-with-144-puzzles/10559;https://gitlab.com/nowozin/hashiarduboy/-/tree/main
180;12;LeWord;8BitCadeXL/Puzzle/LeWord.png;8BitCadeXL/Puzzle/LeWord.hex;8BitCadeXL/Puzzle/LeWord.bin;;;;;;;
181;12;Buttons Trail;8BitCadeXL/Puzzle/ButtonsTrail.png;8BitCadeXL/Puzzle/ButtonsTrail.hex;;;1.0;Press Play on Tape;This great little puzzle game was written by Wan Sou.;;;
182;12;8BitCADE_Tetris;8BitCadeXL/Puzzle/8BitCADE_Tetris.png;8BitCadeXL/Puzzle/8BitCADE_Tetris.hex;;;;;;;;
183;12;Pipes;8BitCadeXL/Puzzle/Pipes.png;8BitCadeXL/Puzzle/Pipes.hex;;;1.0;Press Play on Tape;A version of the classic pipes game where you must lay pipe between each pair of nodes without the pipes crossing each other. This version has puzzles ranging from 5 x 5 to 9 x 9.;7;;
184;12;Alignment;8BitCadeXL/Puzzle/Alignment.png;8BitCadeXL/Puzzle/Alignment.hex;;;;;;;;
185;12;AMaze;8BitCadeXL/Puzzle/AMaze.png;8BitCadeXL/Puzzle/AMaze.hex;;;1.0;Keyboard_Camper;Navigate through randomly generated mazes.;6;;
186;12;ArduBrain;8BitCadeXL/Puzzle/ArduBrain.png;8BitCadeXL/Puzzle/ArduBrain.hex;;;1.0;renato-grottesi;ArduBrain is an application that helps you keeping your brain sharp training your reflexes, memory, focus and much more!;4;;
187;12;ArduSays;8BitCadeXL/Puzzle/ArduSays.png;8BitCadeXL/Puzzle/ArduSays.hex;;;;;;;;
188;12;ArduTan;8BitCadeXL/Puzzle/ArduTan.png;8BitCadeXL/Puzzle/ArduTan.hex;;;;;;;;
189;12;Blocks;8BitCadeXL/Puzzle/Blocks.png;8BitCadeXL/Puzzle/Blocks.hex;;;;;;;;
190;12;BPOP;8BitCadeXL/Puzzle/BPOP.png;8BitCadeXL/Puzzle/BPOP.hex;;;;;;;;
191;12;Checkers;8BitCadeXL/Puzzle/Checkers.png;8BitCadeXL/Puzzle/Checkers.hex;;;;;;;;
192;12;Chie Magari Ita;8BitCadeXL/Puzzle/Chiemagari.png;8BitCadeXL/Puzzle/Chiemagari.hex;;;1.0;Obono;A puzzle game. Tere are 10 different pieces. You must place all of them into the frame without overlapping.;11;;
193;12;Circuit Dude;8BitCadeXL/Puzzle/Circuit Dude.png;8BitCadeXL/Puzzle/Circuit Dude.hex;;;3.2;Crait;Help Circuit Dude build an awesome invention by leading him through 75 unique levels, completing circuits and plugging in microchips. After all chips are inserted into their sockets, the exit will activate and you can advance to the next puzzle! What kind of secret invention is Circuit Dude building? Complete all of the levels to find out!;30;;
194;12;Connect Four;8BitCadeXL/Puzzle/ConnectFour.png;8BitCadeXL/Puzzle/ConnectFour.hex;;;;;;;;
195;12;Count Down;8BitCadeXL/Puzzle/CountDown.png;8BitCadeXL/Puzzle/CountDown.hex;;;;;;;;
196;12;Diamonds;8BitCadeXL/Puzzle/Diamonds.png;8BitCadeXL/Puzzle/Diamonds.hex;;;1.0;redbug;Diamonds is a mix between a breakout game and a puzzle game. Original game was released on HP48 more than 20 years ago.;5;;
197;12;Escape the Grid;8BitCadeXL/Puzzle/Escape the Grid.png;8BitCadeXL/Puzzle/Escape the Grid.hex;;;;;;;;
198;12;Lagunita;8BitCadeXL/Puzzle/Lagunita.png;8BitCadeXL/Puzzle/Lagunita.hex;;;;;;;;
199;12;Lite Out;8BitCadeXL/Puzzle/LiteOut.png;8BitCadeXL/Puzzle/LiteOut.hex;;;1.0;kmk1018;Lite/Out is a game where you have to turn off all of the lights, but every time you change a light, the surrounding lights change. The game consists of a 5-by-5 grid where some of the blocks are lit up. You’ll complete the level when all of the blocks are not lit.;1;;
200;12;Logix;8BitCadeXL/Puzzle/Logix.png;8BitCadeXL/Puzzle/Logix.hex;;;1.0;Press Play on Tape;Logix is an educational game that teaches the basic logic gates used in digital electronics. Once you have completed some introductory puzzles that feature a single gate each, you can move on to harder puzzles that test your learning!;21;;
201;12;Match The Shape;8BitCadeXL/Puzzle/MatchtheShape.png;8BitCadeXL/Puzzle/MatchtheShape.hex;;;;;;;;
202;12;MAZEZAM;8BitCadeXL/Puzzle/Mazam.png;8BitCadeXL/Puzzle/Mazam.hex;;;;;;;;
203;12;Mazogs;8BitCadeXL/Puzzle/Mazogs.png;8BitCadeXL/Puzzle/Mazogs.hex;;;;;;;;
204;12;MicroCity;8BitCadeXL/Puzzle/MicroCity.png;8BitCadeXL/Puzzle/MicroCity.hex;;;;;;;;
205;12;Minesweeper;8BitCadeXL/Puzzle/Minesweeper Phrap.png;8BitCadeXL/Puzzle/Minesweeper Phrap.hex;;;1.0;Pharap;The classic Minesweeper for the Arduboy.;13;;
206;12;Minesweeper 2;8BitCadeXL/Puzzle/Minesweeper.png;8BitCadeXL/Puzzle/Minesweeper.hex;;;;;;;;
207;12;Modus;8BitCadeXL/Puzzle/Modus.png;8BitCadeXL/Puzzle/Modus.hex;;;;;;;;
208;12;NumberMind;8BitCadeXL/Puzzle/NumberMind.png;8BitCadeXL/Puzzle/NumberMind.hex;;;1.0;Yoshi;NumberMind - A Master Mind type game with numbers;5;;
209;12;PiCross;8BitCadeXL/Puzzle/Picross.png;8BitCadeXL/Puzzle/Picross.hex;;;;;;;;
210;12;Project Puzzle;8BitCadeXL/Puzzle/ProjectPuzzle.png;8BitCadeXL/Puzzle/ProjectPuzzle.hex;;;;;;;;
211;12;Puzzle Pack;8BitCadeXL/Puzzle/Puzzle Pack.png;8BitCadeXL/Puzzle/Puzzle Pack.hex;;;;;;;;
212;12;Quadrastic;8BitCadeXL/Puzzle/Quadrastic.png;8BitCadeXL/Puzzle/Quadrastic.hex;;;1.01;dragula96;Quadrastic a simple addictive game based off a favorite psp homebrew game called Squarez.;0;;
213;12;Ring Puzzle;8BitCadeXL/Puzzle/Ring.png;8BitCadeXL/Puzzle/Ring.hex;;;;;;;;
214;12;SF Cave;8BitCadeXL/Puzzle/SFCave.png;8BitCadeXL/Puzzle/SFCave.hex;;;1.0;Slade1972;A remake of a palm pilot game.;2;;
215;12;Stairs Sweep;8BitCadeXL/Puzzle/StairsSweep.png;8BitCadeXL/Puzzle/StairsSweep.hex;;;1.0;Obono;A falling block puzzle game.;;;
216;12;Tet;8BitCadeXL/Puzzle/Tet.png;8BitCadeXL/Puzzle/Tet.hex;;;;;;;;
217;12;Tetris;8BitCadeXL/Puzzle/Tetris.png;8BitCadeXL/Puzzle/Tetris.hex;;;;;;;;
218;12;Tiny Tris;8BitCadeXL/Puzzle/Tiny Tris.png;8BitCadeXL/Puzzle/Tiny Tris.hex;;;1.0;Daniel C (Electro L.I.B);;;;
219;12;Tiny Morpion;8BitCadeXL/Puzzle/TinyMorpion.png;8BitCadeXL/Puzzle/TinyMorpion.hex;;;1.0;Daniel C (Electro L.I.B);;;;
220;12;Tres;8BitCadeXL/Puzzle/Tres.png;8BitCadeXL/Puzzle/Tres.hex;;;1.0;cajogold;A Threes! clone.;3;;
221;12;Worlds Hardest Game;8BitCadeXL/Puzzle/WHG.png;8BitCadeXL/Puzzle/WHG.hex;;;;;;;;
222;12;Santa's Happy Little Packer;8BitCadeXL/Puzzle/Xmas.png;8BitCadeXL/Puzzle/Xmas.hex;;;;;;;;
223;13;Racing;8BitCadeXL/category-screens/Racing.png;;;;;;;;;
224;13;ArduboyRacing;8BitCadeXL/Racing/ArduboyRacing.png;8BitCadeXL/Racing/ArduboyRacing.hex;;;;;;;;
225;13;ArduBuggy;8BitCadeXL/Racing/ArduBuggy.png;8BitCadeXL/Racing/ArduBuggy.hex;;;1.0;Nono_Nono;A moon patrol remake.;10;;
226;13;'Ard Drivin';8BitCadeXL/Racing/Ard-Drivin.png;8BitCadeXL/Racing/Ard-Drivin.hex;;;1.0;Rem;A fast paced racing sim.;23;;
227;13;ArduRacer;8BitCadeXL/Racing/ArduRacer.png;8BitCadeXL/Racing/ArduRacer.hex;;;1.0;tonym128;A top down racing time trail racing game for the ArduBoy similar to Trackmania;9;;
228;13;Road Trip;8BitCadeXL/Racing/RoadTrip.png;8BitCadeXL/Racing/RoadTrip.hex;;;1.1;Press Play on Tape;Inspired by the Atari 2600 game Enduro. Strap on your goggles. Sink into your seat. And leave all your fears in the pit. You’re about to enter the race of your life. You’ll be required to pass lots of cars each day. From sunrise to sunset - as fast as you can. Welcome to the National Enduro!;;;
229;13;Bone Shakers;8BitCadeXL/Racing/BoneShakerRacing.png;8BitCadeXL/Racing/BoneShakerRacing.hex;;;1.0;jhhoward;Bone Shakers is a racing game where skeletons ride unicycles around a dungeon race track. In part inspired by Super Mario Kart for the SNES.;15;;
230;13;Carboy;8BitCadeXL/Racing/Carboy.png;8BitCadeXL/Racing/Carboy.hex;;;;;;;;
231;13;Crates;8BitCadeXL/Racing/Crates.png;8BitCadeXL/Racing/Crates.hex;;;;;;;;
232;13;Crates 3D;8BitCadeXL/Racing/Crates3D.png;8BitCadeXL/Racing/Crates3D.hex;;;1.0;Brian;A port of the 3D puzzle game originally written for the TI-83 calculator.;6;;
233;13;Crazy Kart;8BitCadeXL/Racing/CrazyKart.png;8BitCadeXL/Racing/CrazyKart.hex;;;1.0;Alberto;Mario Kart for the Arduboy.;11;;
234;13;Randocity;8BitCadeXL/Racing/Randocity.png;8BitCadeXL/Racing/Randocity.hex;;;;;;;;
235;13;Tiny Bike;8BitCadeXL/Racing/Tiny Bike.png;8BitCadeXL/Racing/Tiny Bike.hex;;;1.0;ElectroLIB;Compete in races on your BMX.;;;
236;13;UFO-Race;8BitCadeXL/Racing/Uforace.png;8BitCadeXL/Racing/Uforace.hex;;;;;;;;
237;14;RPG;8BitCadeXL/category-screens/RPG.png;;;;;;;;;
238;14;ArduRogue;8BitCadeXL/RPG/ArduRogue.png;8BitCadeXL/RPG/ArduRogue.hex;;;1.0;brow1067;ArduRogue: a traditional roguelike for the Arduboy.;0;;
239;14;Arduventure;8BitCadeXL/RPG/Arduventure.png;8BitCadeXL/RPG/Arduventure.hex;;;1.0;Team ARG;Arduventure is a classic top-down 8-Bit RPG with original monochrome graphics and musical score. Collect items, weapons, armor, amulets and magic to fight enemies in turn-based battle system. Explore a massive world map larger than the one in Zelda: Links Awakening!;34;;
240;14;Ardynia;8BitCadeXL/RPG/Ardynia.png;8BitCadeXL/RPG/Ardynia.hex;;;1.0;city41;Ardynia - a Zelda style adventure.;49;;
241;14;Catacombs Of The Damned;8BitCadeXL/RPG/COTD.png;8BitCadeXL/RPG/COTD.hex;;;1.0;jhhoward;Catacombs of the Damned! is a first person shooter / dungeon crawler where you navigate 10 floors of a randomly generated dungeon dispatching monsters with your magic fireballs whilst collecting as much loot as possible.;40;;
242;14;Cripple Mr Onion;8BitCadeXL/RPG/Cripple Mr Onion.png;8BitCadeXL/RPG/Cripple Mr Onion.hex;;;1.0;fentonc;A hilariously complicated combination of poker and blackjack, using an 8-suited deck.You can customize your character, accumulate money through betting, etc. As you gain money, your ‘rank’ increases, with the ultimate goal of being rich enough to become the Patrician of Ankh-Morpork!;3;;
243;14;Curse of Astarok;8BitCadeXL/RPG/Astarok.png;8BitCadeXL/RPG/Astarok.hex;;;1.0;Press Play On Tape;The evil Astarok has cast a nasty curse on the folk of Griford and turned them into pumpkins! The town’s people have asked you to battle the AstaroK and his evil friends in their hideout - an old castle on the edge of town. Can you release the town from the curse of AztaroK?;17;;
244;14;Trials of Astarok;8BitCadeXL/RPG/Curse of Astarok.png;8BitCadeXL/RPG/Curse of Astarok.hex;;;1.0;Press Play On Tape;Each year the people of the village choose a new champion to protect them from Astarok. Compete in the trials to see how far you can get and you could be that champion! Your choice of runes will select different courses … some are easier than others!;17;;
245;14;Dark And Under;8BitCadeXL/RPG/DarkAndUnder.png;8BitCadeXL/RPG/DarkAndUnder.hex;;;1.0;Garage Collective;A dungeon crawler for the Arduboy.;39;;
246;14;Escape Game;8BitCadeXL/RPG/Escape Game.png;8BitCadeXL/RPG/Escape Game.hex;;;;;;;;
247;14;Garboyle's Quest;8BitCadeXL/RPG/Garboyles Quest.png;8BitCadeXL/RPG/Garboyles Quest.hex;;;;;;;;
248;14;Hypercube;8BitCadeXL/RPG/Hypercube.png;8BitCadeXL/RPG/Hypercube.hex;;;;;;;;
249;14;MayQ;8BitCadeXL/RPG/MayQ.png;8BitCadeXL/RPG/MayQ.hex;;;;;;;;
250;14;Mini Rogue;8BitCadeXL/RPG/MiniRogue.png;8BitCadeXL/RPG/MiniRogue.hex;;;1.0;Press Play On Tape;Mini Rogue is a 9-card game in which a single player delves into a deep dungeon to get the famous ruby called The Og’s Blood on the bottom floor. The player must choose how to spend their resources in order to be powerful enough to confront ever difficult monsters. Random events and encounters make every play-through a unique experience.;16;;
251;14;Shattered Lands;8BitCadeXL/RPG/SL1.png;8BitCadeXL/RPG/SL1.hex;;;1.4;tuxinator2009;Shattered Lands - a multi-part RPG saga for Arduboy.;12;;
252;14;Shattered Lands 2 - Sea of Despair;8BitCadeXL/RPG/SL2.png;8BitCadeXL/RPG/SL2.hex;;;;;;;;
253;14;Tackle Box;8BitCadeXL/RPG/Tacklebox.png;8BitCadeXL/RPG/Tacklebox.hex;;;1.0;city41;Similar to the classic Legend of the River King, Tackle Box is a fishing-themed role playing video game.;19;;
254;14;Tamaguino AB;8BitCadeXL/RPG/Tamaguino.png;8BitCadeXL/RPG/Tamaguino.hex;;;;;;;;
255;14;The Quest For Truth;8BitCadeXL/RPG/TQFT.png;8BitCadeXL/RPG/TQFT.hex;;;1.0;Timmy O' Toole;A platformer game with elements of RPG and puzzle-solving challenges.;;;
256;14;Virus LQP-79;8BitCadeXL/RPG/Virus.png;8BitCadeXL/RPG/Virus.hex;;;1.0;Team ARG;A virus turned your neighbours into Zombies but not all are infected. Find them .. quick!;24;;
257;15;Shooter;8BitCadeXL/category-screens/Shooter.png;;;;;;;;;
258;15;101 Starships;8BitCadeXL/Shooter/101Starships.png;8BitCadeXL/Shooter/101Starships.hex;;;1.0;Zoglu;A horizontal space shoot 'em up.;;;
259;15;1944 The Battle of Midway;8BitCadeXL/Shooter/1944.png;8BitCadeXL/Shooter/1944.hex;;;1.0;Press Play On Tape;A remake of the classic CapCom game 1944 The Battle of Midway.;20;;
260;15;Alien Mine;8BitCadeXL/Shooter/Alien_Mine.png;8BitCadeXL/Shooter/Alien_Mine.hex;;;;;;;;
261;15;Arduis;8BitCadeXL/Shooter/Arduis.png;8BitCadeXL/Shooter/Arduis.hex;;;;;;;;
262;15;ArduShoot;8BitCadeXL/Shooter/ArduShoot.png;8BitCadeXL/Shooter/ArduShoot.hex;;;;;;;;
263;15;ArduToids;8BitCadeXL/Shooter/ArduToids.png;8BitCadeXL/Shooter/ArduToids.hex;;;;;;;;
264;15;Armageddon;8BitCadeXL/Shooter/Armageddon.png;8BitCadeXL/Shooter/Armageddon.hex;;;;;;;;
265;15;ARtillery;8BitCadeXL/Shooter/Artillary.png;8BitCadeXL/Shooter/Artillary.hex;;;1.0;Bergasms;A remake of the classic Tanks game from the Amiga by Gary Roberts.;3;;
266;15;Asterocks;8BitCadeXL/Shooter/Asterocks.png;8BitCadeXL/Shooter/Asterocks.hex;;;;;;;;
267;15;Astroid Belt;8BitCadeXL/Shooter/Astroid Belt.png;8BitCadeXL/Shooter/Astroid Belt.hex;;;;;;;;
268;15;BAMFSHE;8BitCadeXL/Shooter/BAMFSHE.png;8BitCadeXL/Shooter/BAMFSHE.hex;;;;;;;;
269;15;CosmicPods;8BitCadeXL/Shooter/CosmicPods.png;8BitCadeXL/Shooter/CosmicPods.hex;;;1.0;cubic9com;CosmicPods is a tiny shoot-'em-up game. You are a cosmic squid, shoot octopuses up!;4;;
270;15;CowBro;8BitCadeXL/Shooter/CowBro.png;8BitCadeXL/Shooter/CowBro.hex;;;1.0;GERD;You are a cowboy and have to shoot randomly generated targets and grab time bonuses that drop from the top of the stage to continue.;2;;
271;15;Defender;8BitCadeXL/Shooter/Defender.png;8BitCadeXL/Shooter/Defender.hex;;;;;;;;
272;15;Do You Remember Love?;8BitCadeXL/Shooter/DYRLove.png;8BitCadeXL/Shooter/DYRLove.hex;;;;;;;;
273;15;Evade;8BitCadeXL/Shooter/Evade.png;8BitCadeXL/Shooter/Evade.hex;;;1.0;Modus Create;Side scrolling space shooter.;14;;
274;15;Evade 2;8BitCadeXL/Shooter/Evade2.png;8BitCadeXL/Shooter/Evade2.hex;;;1.0;Modus Create;A space flight / fight simulator.;13;;
275;15;Galaxian;8BitCadeXL/Shooter/Galaxion.png;8BitCadeXL/Shooter/Galaxion.hex;;;;;;;;
276;15;HFC;8BitCadeXL/Shooter/HFC.png;8BitCadeXL/Shooter/HFC.hex;;;;;;;;
277;15;Humanity Revenge;8BitCadeXL/Shooter/Humanity_Revenge.png;8BitCadeXL/Shooter/Humanity_Revenge.hex;;;1.0;giangregorioc;9;;;
278;15;i4Arduboy;8BitCadeXL/Shooter/i4.png;8BitCadeXL/Shooter/i4.hex;;;;;;;;
279;15;1nvader;8BitCadeXL/Shooter/1nvader.png;8BitCadeXL/Shooter/1nvader.hex;;;1.0;Press Play On Tape;1NVADER is a one or two-player game played with one button, one laser, one 1NVADER, and one life. Play co-operatively, or competitively with a friend, or face the 1NVADER alone.;22;;
280;15;Invaders;8BitCadeXL/Shooter/Invaders Classic.png;8BitCadeXL/Shooter/Invaders Classic.hex;;;;;;;;
281;15;Picovaders;8BitCadeXL/Shooter/Invaders.png;8BitCadeXL/Shooter/Invaders.hex;;;;;;;;
282;15;Juno First;8BitCadeXL/Shooter/JunoFirst.png;8BitCadeXL/Shooter/JunoFirst.hex;;;1.0.1;Press Play On Tape;"Kill each wave of attacking aliens before you fuel or health runs out. Rescue the captured astronaut to get extra points! ";19;;
283;15;Love Rush;8BitCadeXL/Shooter/LoveRush.png;8BitCadeXL/Shooter/LoveRush.hex;;;1.0;Vampirics;A cute infinite shooter for Arduboy.;11;;
284;15;MallARD Hunt;8BitCadeXL/Shooter/MallARD Hunt.png;8BitCadeXL/Shooter/MallARD Hunt.hex;;;;;;;;
285;15;MicroTank;8BitCadeXL/Shooter/MicroTank.png;8BitCadeXL/Shooter/MicroTank.hex;;;1.0;hartmann1301;You start with a small tank and your goal is to get as deep as possilbe into enemy territory. Some enemys drop coins for upgrading the weapon of your choice.;22;;
286;15;Night Raid;8BitCadeXL/Shooter/NightRaid.png;8BitCadeXL/Shooter/NightRaid.hex;;;1.0;epbarger;It’s extremely similar to Missile Command.;8;;
287;15;Now Eradicate Robots;8BitCadeXL/Shooter/Now Eradicate Robots.png;8BitCadeXL/Shooter/Now Eradicate Robots.hex;;;;;;;;
288;15;Petit of the Dead;8BitCadeXL/Shooter/Petite of the Dead.png;8BitCadeXL/Shooter/Petite of the Dead.hex;;;;;;;;
289;15;Phos;8BitCadeXL/Shooter/Phos Invaders.png;8BitCadeXL/Shooter/Phos Invaders.hex;;;;;;;;
290;15;Ravine Despoiler;8BitCadeXL/Shooter/RavineDespoiler.png;8BitCadeXL/Shooter/RavineDespoiler.hex;;;1.0;BenUnwired;Based on the Atari arcade game Canyon Bomber. You can speed up or slow down your plane and drop bombs in the canyon to knock out boulders for points. Missing rocks will result in losing points, while hitting multiple boulders at once gives extra points. The game is over when the canyon is emptied. I'm not sure what the theoretical high score is, but my best games have been around 240 with several misses.;0;;
291;15;SFZ;8BitCadeXL/Shooter/SFZ.png;8BitCadeXL/Shooter/SFZ.hex;;;;;;;;
292;15;Siege;8BitCadeXL/Shooter/Siege.png;8BitCadeXL/Shooter/Siege.hex;;;1.0;shdwwzrd;The king needs your help to keep the Dark Lord’s army from destroying the kingdom. The Wizards will arrive after the 5th day and the rest of our army will be back in 20 days. The king is counting on you to hold the wall. Hold strong, noble archer, HOLD STRONG!;2;;
293;15;Sirene;8BitCadeXL/Shooter/Sirene.png;8BitCadeXL/Shooter/Sirene.hex;;;1.0;Team ARG;There's trouble under the sea, but Nina will fight her way to the heart of it. An aquatic shoot-em-up adventure!;;;
294;15;Space Invaders;8BitCadeXL/Shooter/Space Invaders.png;8BitCadeXL/Shooter/Space Invaders.hex;;;;;;;;
295;15;Space Quarth;8BitCadeXL/Shooter/Space Quarth.png;8BitCadeXL/Shooter/Space Quarth.hex;;;1.0;Schuemi;A space shoot 'em up.;5;;
296;15;Space Tanks;8BitCadeXL/Shooter/Space Tanks.png;8BitCadeXL/Shooter/Space Tanks.hex;;;;;;;;
297;15;Space Wads;8BitCadeXL/Shooter/Space Wads.png;8BitCadeXL/Shooter/Space Wads.hex;;;;;;;;
298;15;Space Knife;8BitCadeXL/Shooter/SpaceKnife.png;8BitCadeXL/Shooter/SpaceKnife.hex;;;1.0;streetalchemist;A Gradius type of side-scroller shmup.;3;;
299;15;Stardeath;8BitCadeXL/Shooter/Stardeath.png;8BitCadeXL/Shooter/Stardeath.hex;;;;;;;;
300;15;Sunfire;8BitCadeXL/Shooter/Sunfire.png;8BitCadeXL/Shooter/Sunfire.hex;;;;;;;;
301;15;Tank Force One;8BitCadeXL/Shooter/Tank Force One.png;8BitCadeXL/Shooter/Tank Force One.hex;;;;;;;;
302;15;Teeny Tank;8BitCadeXL/Shooter/TeenyTank.png;8BitCadeXL/Shooter/TeenyTank.hex;;;;;;;;
303;15;The Horde;8BitCadeXL/Shooter/TheHorde.png;8BitCadeXL/Shooter/TheHorde.hex;;;;;;;;
304;15;Tiny Missile;8BitCadeXL/Shooter/Tiny Missile.png;8BitCadeXL/Shooter/Tiny Missile.hex;;;1.0;Daniel C (Electro L.I.B);;;;
305;15;Tiny Plaque;8BitCadeXL/Shooter/Tiny Plaque.png;8BitCadeXL/Shooter/Tiny Plaque.hex;;;1.0;Daniel C (Electro L.I.B);Protect your host's teeth from plaque in this littl shmup.;;;
306;15;Trench Run;8BitCadeXL/Shooter/TrenchRun.png;8BitCadeXL/Shooter/TrenchRun.hex;;;1.0;Lucas Salton Cardinali;Inspired by the Star Wars Battle Pod Arcade Game. It depicts the rebels assault on the Doom Sphere, the Empire enormous space station and you, as a Rebel pilot, have to destroy the Imperial Fighters until you get a chance to shoot into the Exhaustion Port and destroy it.;14;;
307;15;Witch Game;8BitCadeXL/Shooter/Witch Game.png;8BitCadeXL/Shooter/Witch Game.hex;;;;;;;;
308;15;Battle For Zuthsrah;8BitCadeXL/Shooter/Zuthsrah.png;8BitCadeXL/Shooter/Zuthsrah.hex;;;1.0;Mre64;A space shoot 'em up!;3;;
309;16;Sport;8BitCadeXL/category-screens/Sport.png;;;;;;;;;
310;16;18-Hole Mini Golf;8BitCadeXL/Sport/ardugolf.png;8BitCadeXL/Sport/ardugolf.hex;;;1.0;brow1067;18-hole Mini Golf game with stunning vector graphics!;11;;
311;16;ArduSki;8BitCadeXL/Sport/ArduSki.png;8BitCadeXL/Sport/ArduSki.hex;;;;;;;;
312;16;ArduTurf;8BitCadeXL/Sport/ArduTurf.png;8BitCadeXL/Sport/ArduTurf.hex;;;;;;;;
313;16;Custom Pong;8BitCadeXL/Sport/Custom Pong.png;8BitCadeXL/Sport/Custom Pong.hex;;;;;;;;
314;16;Skate Ard Die;8BitCadeXL/Sport/Skateanddie.png;8BitCadeXL/Sport/Skateanddie.hex;;;1.0;pixelplatforms;Skateboarding on the Arduboy.;11;;
315;16;Tiny Trick Hockey;8BitCadeXL/Sport/TinyTrickHockey.png;8BitCadeXL/Sport/TinyTrickHockey.hex;;;1.0;Daniel C (Electro L.I.B);Icehockey for the Arduboy.;;;
316;16;Volley Ball;8BitCadeXL/Sport/VolleyBall.png;8BitCadeXL/Sport/VolleyBall.hex;;;;;;;;
317;16;Golf Companion;8BitCadeXL/Sport/GolfCompanion.png;8BitCadeXL/Sport/GolfCompanion.hex;;;1.0;Vampirics;The Golf Companion for the Arduboy. Keep scores for up to 4 players.;11;;